key,som_key,lon,lat
B34A1022001,966,220366.0,462557.0
MAWA20023001,883,184683.7,420307.6
B33F1223001,1478,214571.0,468252.0
5006_PBF3003,308,109246.0,404098.0
PEVE121001,2526,191564.0,379776.0
B41B0492001,2303,236331.0,443241.0
B46B0747002,467,193515.0,413171.0
B16E1983001,634,200467.0,544977.0
2159_PBF2002,129,127745.0,411376.0
PEVE048001,2829,190830.0,380375.0
B52C2110001,2346,187736.0,380139.0
B16H1479001,125,213858.0,535867.0
B16H1483001,125,213908.0,535765.0
B16H1484001,6,214197.0,535514.0
B16H1491001,6,213071.0,535546.0
B26H0817001,2719,179386.0,475500.0
PEVE120_2001,2346,187603.0,380014.0
2193_PBF2001,1632,129812.0,391686.0
B52D2143002,2280,190835.0,376416.0
B40E1525001,2679,202631.0,448835.0
B40F2039001,1269,215686.024,437809.583
B41B0479001,2244,235055.0,440187.0
B28A0647001,1345,224252.0,489927.0
17CC512A001,62,225897.0,525419.0
B28F0135001,2423,250474.78,494537.56
B41D0035002,1380,230560.0,432690.0
B28F0160001,2295,252146.45,492038.91
B41B0165001,2296,237900.0,445120.0
B50F0102001,1091,137204.0,392269.0
B46B0031001,1888,195280.0,422480.0
B32A0386004,2696,146696.0,469253.0
B33F0185001,1599,215740.0,467150.0
B34C0099001,2795,229078.2419,456007.2957
B34B0370001,1155,233374.45,474325.63
B45E0311004,1126,166841.0,417388.0
B34C0319001,974,226275.45,459046.59
B34F3236001,2523,250500.0,463889.0
B34D0383002,1878,236616.3861,455477.888
B22C0134002,215,221127.23,509572.29
B34F0780001,2724,256558.79,474943.69
B12A0139001,562,223620.0,568630.0
B40H0158001,1454,215541.97,436987.13
B43H0256002,172,92886.0,404009.0
B27D0546001,52,199455.016,479806.154
B06D0468001,570,192621.0,580231.0
Primair_WRW_7001,1694,240540.0,536388.0
B16H1470001,126,211820.0,535083.0
5271_PBF001,1169,109382.0,390768.0
5372_PBF001,510,114250.0,403220.0
B41F0253001,2822,251181.0,442432.0
Stelkampsveld Borculoseweg 24-24A_570_FT1_WATHTE_m_NAP_GW_DagGem001,2007,229713.0,459789.0
Aaltense Goor pb12b_1452_FT1_WATHTE_m_NAP_GW_DagGem001,2057,234723.0,440398.0
Lochem Weggelhorst 1 (B1)_1122_FT1_WATHTE_m_NAP_GW_DagGem001,1592,219975.0,464434.0
B34C0938001,962,223009.0,459589.0
B34C0943001,2981,223444.0,459387.0
B34D1416001,1764,230006.0,459406.0
B34C1161001,1706,222939.0,459439.0
16DG703A001,507,197658.0,534316.0
B34C1159001,1025,223453.0,459540.0
B34C1173001,1519,222060.0,454549.0
B34C1189001,2067,228739.0,458749.0
Zoddebeek Bosmatenweg pb_357_FT1_WATHTE_m_NAP_GW_DagGem001,2884,255024.0,460624.0
B34C1174001,1886,221938.0,455032.0
B34C1158001,706,223525.0,459311.0
B34C1178001,1520,229948.0,459728.0
B34C1182001,1947,229643.0,460211.0
B34D1414001,1945,231028.0,459103.0
B34C1181001,2006,228902.0,460623.0
Stelkampsveld Enteldijk 2_846_FT1_WATHTE_m_NAP_GW_DagGem001,1887,228774.0,460283.0
B34C1187001,707,229194.0,461139.0
B34C1155001,962,223289.0,459927.0
JANS005001,707,195917.0,405250.0
JANS002001,648,195790.0,405458.0
B45F1048001,1897,177386.0,414491.0
B46D0982001,707,195694.0,405354.0
B32H0229002,2455,172234.93,453910.1
NPLV001001,2400,188964.0,383931.0
NPLV041001,2949,188723.0,384221.0
GROO033_2001,2288,187466.0,373926.0
JUHO001001,2769,190774.0,380378.0
NPLV003_2001,2344,189153.0,383120.0
BULT020001,2222,186558.0,390094.0
NPLV012_2001,2405,188162.0,380493.0
NPLV031001,2771,189159.0,378450.0
BULT018001,2223,186516.0,390023.0
NPLV035001,2590,189695.0,378310.0
B51D2657001,2995,154045.0,377058.0
BULT019001,2223,186568.0,390102.0
B52C2124001,2346,187737.0,380140.0
BULT013_2001,2951,186437.0,390055.0
NPLV036001,2711,190265.0,378203.0
NPLV033001,2589,189066.0,378835.0
NPLV002_2001,2343,189034.0,383561.0
NPLV006001,2470,187294.0,381545.0
NPLV025001,2592,188009.0,379111.0
NPLV027001,2950,188623.0,378957.0
NPLV034001,2529,188974.0,379096.0
BULT012_2001,2224,186508.0,390082.0
BULT011001,2222,187149.0,389798.0
NPLV047001,2590,189597.0,378414.0
NPLV059001,2711,190149.0,378126.0
PEVE079001,2407,190032.0,379758.0
B46A2192001,885,181560.48,422729.9
B23A0769001,1332,266686.0,524452.0
B39E0253002,881,167728.52,443934.41
B28E1179001,2000,247653.04,497953.71
B15E0163001,513,163420.0,542910.0
B51F1773001,2072,172749.0,394186.0
B40F0333001,1515,214613.06,438314.61
B27H0027001,2568,210586.42,477902.04
2126_PBF001,326,128038.0,411462.0
B51B0295001,2498,152864.0,394121.0
B51B0295002,2498,152864.0,394121.0
5220_PBF001,900,95979.0,382315.0
CORK013001,2532,187613.0,389260.0
B34B1242001,1151,233259.04,474908.47
B11B0156001,571,197550.0,563900.0
PEVE072001,2470,188628.0,379696.0
B45D0230001,817,157780.0,408630.0
B32D0217001,518,158784.0,462459.0
B45H0034003,2254,170070.0,400029.0
PEVE049001,2829,191133.0,380095.0
B43H0257001,521,98160.0,402471.0
B41B0472001,2243,235102.0,440913.0
B15E0210001,510,163100.0,546125.0
5010_PBF001,2690,110401.0,404625.0
B34D0080001,2055,238352.17,457862.28
2145_PBF001,388,128032.0,411457.0
B39E0245001,943,168272.48,443397.68
B45C0390001,4,140201.0,402097.0
PEVE049_2001,2769,191133.0,380095.0
B41B0280001,1500,235581.0,446201.0
B32D1371002,933,159832.0,450234.0
B51C0282002,2722,140153.0,377457.0
BULT002001,2849,186227.0,389660.0
B26F0092001,413,178425.2,492643.0
B26F0192002,293,178688.3,492293.5
BULT005001,2223,187028.0,390098.0
BULT004001,2465,187526.0,389898.0
B46A1646001,54,182120.0,421227.0
PEVE073001,2589,188948.0,378983.0
PEVE074001,2467,189474.0,379066.0
B57B0169001,2766,154153.0,367978.0
B41B0471001,2181,235294.0,440757.0
16DL851001 Gelderingen001,387,198063.0,533585.0
WAMB001001,814,153867.0,411400.0
B28H0229001,2974,255882.93,483958.78
B12E0398001,669,240660.0,562760.0
22CC011A001,698,220348.0,501877.0
B15E0238001,509,164589.0,546490.0
B46A0717001,2393,182110.0,422650.0
B32G0137001,203,162800.0,458290.0
PEVE071_2001,2966,190771.0,379035.0
PEVE074_2001,2407,189474.0,379066.0
SAVE003001,683,154716.0,411166.0
B40E1526002,2740,202633.0,448872.0
B21F0770001,129,211064.0,522686.0
5357_PBF2001,308,113322.0,396099.0
B40E1528001,794,202726.0,448579.0
B57E0113002,2994,163359.0,371320.0
B23A0771001,1332,266859.0,524438.0
B40E1524002,2618,202304.0,448626.0
B41B0480002,2520,239090.0,448224.0
B40E1524001,2680,202304.0,448626.0
B52A1488002,2351,186682.0,389915.0
B34C1149002,1022,229485.0,460122.0
B33E1302002,465,201348.0,473422.0
B22A1174001,503,228628.0,515857.0
B22A1176001,439,228814.0,515619.0
B34C1146001,1946,221571.0,454896.0
B40G1201002,2800,202702.0,448784.0
B41B0487001,2123,231225.0,449337.0
B32C0398001,273,145283.65,453631.26
B40E1527002,62,202836.0,448939.0
B41F0247001,2823,251030.0,442479.0
5370_PBF001,303,105345.0,393403.0
B34C1147002,2983,223138.0,459262.0
B22A1098001,555,226189.0,515779.0
B21F0732001,815,219430.0,518671.0
B22B0202001,979,237320.0,515120.0
B40E1525002,2679,202631.0,448835.0
B52C2104002,2282,189136.0,377108.0
B52C2104001,2281,189136.0,377107.0
B40G1187001,772,201613.0,435908.0
B34B1293001,1465,238406.33,473567.08
BIJE001001,455,144893.0,410681.0
B40G1182001,832,204886.0,435833.0
B16F0198001,720,216990.0,549397.0
B40G1169001,712,204155.0,433694.0
NPD-PB25001,908,225023.0,534145.0
B26H0811001,76,175725.0,486834.0
NPD-PB13001,726,219905.0,534629.0
B41A0096001,2063,228840.0,449710.0
PEVE073_2001,2890,188948.0,378983.0
B40G1176001,773,202098.0,436477.0
B45G0272002,360,168610.0,408540.0
B33H1512001,530,211906.0,454380.0
B40G1181001,650,204722.0,435031.0
B16H1500001,6,213936.0,535666.0
B39E0141001,184,164466.36,448271.95
B32E0306002,311,166611.0,472965.0
B28E1215001,2174,249592.46,497274.38
B39B0292002,2815,153691.45,449222.08
B28B0141005,2987,232527.04,497514.44
B34G0294001,1742,241500.0,456800.0
B28D0151001,981,238546.49,485086.78
B28B0141003,2987,232527.04,497514.44
B28B0141004,2987,232527.04,497514.44
B22C0134003,204,221127.23,509572.29
B57B0069002,2962,155887.0,364528.0
B41D0128003,1920,236607.015,436142.28
B44D0175002,248,112648.0,409619.0
B32A0386008,2696,146696.0,469253.0
B28F0084002,2780,252833.91,493407.7
B41A0076001,1501,228820.0,441220.0
B41B0061001,1567,234740.0,441030.0
B28F0135002,2423,250474.78,494537.56
Mol 3_1358_FT1_WATHTE_m_NAP_GW_DagGem001,2784,246586.0,441578.0
B49G0138002,540,80148.0,384405.0
B40F2040001,712,218736.0,439685.0
B41B0491001,2174,237638.0,444745.0
B51F0096001,2493,177750.0,393040.0
B39B0337001,2518,158722.42,446562.43
B16B0299001,634,196437.0,545128.0
B16E0223001,376,200960.0,548045.0
B57E0076002,2612,169685.0,374558.0
B34F3233001,2583,250365.0,464305.0
B39B0292001,2815,153691.45,449222.08
B39E0253004,881,167728.52,443934.41
B39E0253003,881,167728.52,443934.41
B44G0066001,817,122875.0,402194.0
B12C0119001,2921,224720.0,559030.0
B40B0342001,832,191347.9,440136.2
B32D1371003,933,159832.0,450234.0
B39E0253005,881,167728.52,443934.41
B28D0463001,1588,237823.3,481191.23
B22C0113002,337,223119.84,510262.73
B34F0781001,2883,258366.92,473754.41
B28H0455002,2840,258089.27,483741.29
B28B0141002,2987,232527.04,497514.44
B41D0033002,2183,231725.0,435550.0
B57B0069001,2962,155887.0,364528.0
B41D0034002,1500,231140.0,434390.0
B41B0127001,1502,231272.01,448331.44
B45H0075003,1852,178260.0,410008.0
B34F1342001,2541,253305.79,466111.97
B51D2657002,2995,154045.0,377058.0
Stelkampsveld Lenderiet 4_838_FT1_WATHTE_m_NAP_GW_DagGem001,1401,228393.0,459173.0
LABW011_2001,1413,169303.0,407665.0
B28F0080002,2598,250221.57,497268.24
B28F0084001,2780,252833.91,493407.7
B49G0138003,540,80148.0,384405.0
HOOI003_2001,539,137581.0,414438.0
B45B0306001,346,157236.0,420688.0
HOOI003_3001,539,137581.0,414438.0
B44F2124001,478,139064.0,419344.0
TONG006001,2149,182399.0,414538.0
21BC608A001,232,197006.0,516213.0
B46C0161001,2036,184062.0,409350.0
B38H0375001,597,137273.0,435573.0
ASTE008001,2539,182763.0,380899.0
SANG021001,2316,173050.0,382440.0
B26H0597001,1257,174615.0,483942.0
21FP9001001,258,215139.0,520325.0
B38H2376001,717,135939.0,433059.0
21EC506A001,385,205205.0,518758.0
27FG76S001,1673,217723.0,492426.0
B41B0474001,2914,234149.0,440685.0
B33H1509001,2267,214642.0,457247.0
B45D0124001,71,153170.0,407082.0
GROO030001,2412,181830.0,372522.0
B27B0489001,939,199073.32,487924.21
21EC409A001,256,203965.0,515703.0
27FL0007001,1306,214448.0,494601.0
REESTDAL-PB7001,127,222171.0,514561.0
5310_PBF001,426,103368.0,393138.0
B41E0446001,1993,241460.0,441740.0
B45H0478001,1781,173393.0,404301.0
B32E1199001,752,166107.0,473198.0
VLIJ001001,97,140915.0,410222.0
PB27001,80,69569.4,447372.6
B11B0274001,375,197521.0,562651.0
B52C2098001,2955,187269.0,382774.0
21EC311A001,257,203767.0,513745.0
B33H1508001,1068,214951.0,457029.0
B39D2632001,287,155978.45,426185.18
17AL850701001,2985,221770.0,548075.0
ANSERVELD-PB5O001,64,220300.0,534638.0
B45A2530001,655,142950.0,420639.0
B34F1467001,2784,256555.49,474972.5
B51G0865001,1444,165491.0,383159.0
21FG507J001,23,215224.0,517549.0
SANG015001,2077,173276.0,382569.0
B34E1683001,2123,248253.32,473953.58
B12C1575001,913,229599.0,552206.0
B28H0696001,2944,257889.81,475505.03
ANNA009001,1494,169239.0,408265.0
ANNA002001,305,168890.0,408410.0
B34G0286001,2887,242000.0,452510.0
B51E0075001,2073,167369.0,393257.0
B58A0812001,2474,183726.0,374756.0
ANNA010001,1856,168676.0,408884.0
B45G0398001,1492,168818.0,408628.0
B39E0253001,881,167728.52,443934.41
B51G0871001,2188,161006.0,381291.0
CORK014001,2488,188268.0,374072.0
VILT103001,1432,192091.0,410359.0
B40A2160001,526,183770.0,439700.0
22AP7610001,21,221692.0,516324.0
B17D0104001,1575,232160.0,535050.0
B26G1791001,2219,168947.0,480650.0
B45G1039001,305,168905.0,408430.0
B34E1788001,2427,248242.74,468578.66
HOLT002001,893,197799.0,398143.0
B34D0260001,2003,234745.0,454530.0
B41D0068001,2022,231730.0,431960.0
DEUR002001,2957,187151.0,383266.0
B39F0558001,878,172660.0,446170.0
5238_PBF001,1527,116055.0,390807.0
B50B0493001,1087,118429.0,388703.0
B41B0468001,1937,235074.0,441893.0
B41A0179001,1727,220588.94,440980.58
21GC912A001,1308,209675.0,500187.0
B31A0109001,149,101831.8,463257.2
B50B1279001,1101,110589.0,392058.0
B06H1508001,376,210240.0,578386.0
CORK003001,2405,182582.0,372656.0
B39E0350001,517,169220.0,447300.0
HOLT001001,2192,197700.0,398828.0
B23A0778001,1817,263892.0,523582.0
27HC005A001,1298,210910.0,482910.0
GROO026001,2715,187077.0,376041.0
10-686002,1138,55113.0,427717.0
Brongebied Vl Aa-PB24001,365,214959.0,544451.0
B33G1149001,1346,202398.0,460924.0
B17B0262001,61,238717.0,547062.0
VILT111001,1070,192621.0,410033.0
21GR036A001,391,203948.0,506267.0
B12D1804001,1580,231055.0,553283.0
B51E0234001,2011,168610.0,393390.0
B34A0117001,2387,226415.0,466355.0
MUIS001001,2432,177510.0,389679.0
B45B0496001,1256,155865.0,413640.0
B41A0193001,1840,224390.0,441130.0
B45B0323001,285,157134.0,421529.0
DYNA001001,603,158205.0,407585.0
B26G1795001,1121,168112.0,479472.0
B17E2223001,1690,241539.0,545603.0
PEVE012001,2774,189555.0,375588.0
B45B0328001,285,157956.0,421449.0
2191_PBF2001,13,127703.0,410270.0
B17C1753001,910,222019.0,535048.0
B21D0971001,340,197232.0,503256.0
B27D0545001,1633,193917.0,479232.0
B23A0787001,1153,263003.0,520602.0
NPD-PB11001,1593,219995.0,533058.0
B37B0232001,169,70386.2,443957.6
B31D1559001,75,117494.0,462098.0
NPD-PB14001,184,220619.0,535022.0
B37C0558001,117,67703.7,430742.6
B45E0352001,2211,166924.0,414182.0
B32E0306001,311,166611.0,472965.0
ROODEBRAND-PB5001,1577,232480.0,534555.0
NPD-PB4001,979,222169.0,532409.0
B45D0322002,664,149988.0,408600.0
28CG001A001,1421,220062.0,486623.0
B33G1191001,720,202650.0,461351.0
28CG002A001,1483,220288.0,485668.0
9037_PBF001,463,88616.23,402060.93
27HG800A001,1181,218151.0,487260.0
B27H0429001,1546,218199.0,481692.0
B51H0227001,2018,171660.0,381760.0
B33G1193001,1529,202398.0,460924.0
B34C1152001,914,226424.0,459090.0
DIES003001,1080,176783.0,383752.0
PEEL0023_2,1911,178761.0,392164.0
REESTDAL-PB6001,1039,222892.0,513597.0
B33H1524001,1544,217846.0,460466.0
B52B1810001,1852,190711.0,398147.0
LOP Beernink B4_1428_FT1_WATHTE_m_NAP_GW_DagGem001,2003,234408.0,454215.0
B33G1191002,721,202650.0,461351.0
B34D1396001,1380,237453.0,455688.0
17AL850301001,857,220160.0,547823.0
B41B0484001,1380,234802.97,448191.56
B21F0735001,253,219688.0,518884.0
2191_PBF1001,13,127703.0,410270.0
B22G0309002,2802,241948.0,507075.0
B41B0467001,2058,235024.0,442205.0
B12D2025001,1638,234720.0,552958.0
5225_PBF001,2564,111090.0,405052.0
B41B0480001,2520,239090.0,448224.0
B21F0788001,188,215027.0,515984.0
B32E1313001,1172,167961.0,469507.0
GROO031001,2291,182129.0,373622.0
B32E1314001,786,167690.0,468037.0
GOOR002001,1033,173584.0,386425.0
28AC411A001,1097,224255.0,488144.0
9069_PBF001,1076,111336.044,405669.734
27HG901B001,1422,219944.0,486573.0
B12D2032001,1590,232866.0,552071.0
B12D2026001,1639,234892.0,553367.0
B33F1221001,1540,216766.0,471556.0
B32E1312001,787,168295.0,469011.0
BBEE003001,2130,176254.0,389794.0
SANG008001,2139,173415.0,383260.0
MIDDENLOOP-PBC001,613,213438.0,543848.0
B46C0211001,1969,181380.0,400210.0
27HC504A001,1487,215161.0,482944.0
B32E0210001,784,166820.0,465990.0
PB18001,10,73805.2,442402.3
B49F0434001,816,92017.0,396423.0
NPD-PB7ONDIEP001,1350,222036.0,531787.0
GROO022001,2715,187076.0,376037.0
B39F2953001,894,179448.18,441079.56
B27D0133001,1064,194300.0,483190.0
OV004.203001,1890,230670.0,545919.0
B27H0035001,870,218465.39,485277.48
GROO025001,2415,184119.0,377010.0
28AR210B001,939,222298.0,489775.0
B28D1779001,1223,236728.56,476467.13
B44E0224001,462,128646.0,413153.0
B44H0389001,822,133826.0,407881.0
22AP9004001,555,225792.0,515620.0
B34G1374001,2643,249221.0,460574.0
B33G1185001,2802,203156.0,460512.0
NPD-PB24001,840,225509.0,534666.0
17DC302B001,1651,233056.0,535385.0
B52A1487001,2019,183912.0,388105.0
27HG503A001,1490,215522.0,484181.0
B38H2384001,104,137536.0,436086.0
B31D1558001,29,117540.0,461832.0
B45C1344001,97,140915.0,410222.0
B37E0377001,40,81387.7,445379.2
B22B0770001,1163,231208.0,518707.0
B31D1558003,28,117540.0,461832.0
VILT101001,1548,191679.0,410610.0
B45B0311001,225,156623.0,419754.0
PEVE010001,2954,186938.0,379455.0
HOOI003001,539,137581.0,414438.0
REESTDAL-PB11001,180,220398.0,518300.0
B31D1428001,29,118814.0,461353.0
DEUR005001,2225,187769.0,382778.0
B26H0599001,1257,174171.72,483919.82
B52A0236001,2020,182327.0,389413.0
27HL0007001,1369,216730.0,485819.0
B30H0126001,352,90290.0,451461.0
B50B0581001,1086,118107.0,388925.0
B44H0289001,2441,139078.0,404374.0
B34D1241001,1880,233077.0,450954.0
RM024.024001,503,228695.0,516452.0
B26H0809001,37,175702.0,486088.0
B16F0140001,860,213570.0,549285.0
B12D1813001,2736,230427.0,551759.0
B17C0171001,969,225247.0,534908.0
B41B0193001,1820,234755.95,448802.47
B16H1422001,206,211271.0,529265.0
B31D1555002,79,117797.0,462296.0
B51A0189001,1032,149124.0,390519.0
SANG002001,1260,171540.0,382792.0
21HP0056001,1239,215920.0,506415.0
21FL0032001,459,210643.0,520290.0
B17C0365001,120,223759.0,533075.0
B17C1759001,792,224874.0,534259.0
B31D1555003,78,117797.0,462296.0
B17D0109001,960,231870.0,532900.0
B31D1554002,59,117786.0,462427.0
B45G0304001,153,168816.0,403317.0
B41D0048001,1397,232190.0,433290.0
WIJB011001,761,159176.0,404313.0
B40F0355001,1666,217906.36,447761.54
B34D0338001,2125,233059.34,449989.22
B32E0211001,788,169280.0,462990.0
B31B1240002,78,117754.0,462695.0
B44E0143001,537,127382.0,422273.0
21HL0024001,1237,217038.0,508489.0
B41B0200001,1938,234480.0,446380.0
B16F2037001,737,216882.0,546643.0
B32H0402001,1408,170546.71,453647.45
SANG020001,1260,171540.0,382792.0
B28A0398001,992,221335.88,488547.05
B45H0075001,1852,178260.0,410008.0
B37H0992001,57,93418.0,426443.0
B41D0032001,1900,233340.0,433790.0
B34E0318001,1938,242480.0,463140.0
B41B0279001,2126,234021.23,448936.69
B38E1618001,20,127402.0,448222.0
5239_PBF001,1229,114423.0,393655.0
B28A0437001,1055,221132.7696,497416.0707
B46C0254001,1845,186866.0,401975.0
REFV017001,1370,192187.0,410913.0
27FC910A001,1118,219030.0,489649.0
B28D0458001,677,237869.15,481813.82
B17C1758001,792,224656.0,533687.0
B22C0673001,803,223176.84,505894.29
B41A0149001,2124,229870.0,442210.0
B28D0458002,677,237869.15,481813.82
B22C0551001,1176,222090.57,508220.78
B27F0054001,812,218660.58,494750.91
B45D0182001,33,159760.0,411640.0
B22C0675001,935,222597.56,506890.45
B27A0232002,1619,183375.0,489194.0
5189_PBF001,1648,118028.0,392577.0
B22E0095001,1280,247840.0,523260.0
VILT007001,1011,192557.0,410444.0
B29A0066001,2176,265138.46,491536.99
B39H0312001,644,171821.18,426709.62
B33E0273001,421,202992.73,468305.39
SANG012001,2139,173303.0,382453.0
B28F0342001,2294,252146.85,492039.27
B45G0241001,2322,167472.0,408494.0
B28H0617001,1327,255157.1561,483474.8755
TONG004001,1253,182196.0,414306.0
B17A0098001,857,220520.0,547680.0
B17D1435001,2858,237690.0,525949.0
B17C1757001,2741,224289.0,532911.0
B34F1468001,2844,256769.61,474792.81
21FP9012001,262,216138.0,518577.0
WA306.170001,2616,224288.0,532896.0
B43E0290001,117,87419.0,421319.0
B34D0360001,1325,238500.0,460350.0
B38E1620001,50,128017.0,448887.0
B17B0096001,1456,234270.0,546860.0
B28F0164001,2852,251562.15,491151.81
PEVE010_2001,2954,186938.0,379454.0
21EC307A001,200,203729.0,517158.0
B28A0103001,1288,228500.36,491933.0
WA190.104001,803,220375.0,524130.0
B41A0097001,1664,222537.32,439698.36
B17D0197001,1692,238037.0,533699.0
B39H0384001,704,176081.387,437034.7004
LAAR006001,1251,186154.0,413261.0
B31D1423001,87,115757.0,459286.0
B43H0256001,55,92886.0,404009.0
B17D1455001,1449,235268.0,533206.0
B17D0030001,1020,238870.0,534720.0
B17D0181001,960,235586.0,533272.0
B46C0118001,1556,188896.0,405642.0
B32B0257001,483,157725.0,463891.0
B45F0281001,1005,177399.0,418154.0
B27D0519001,1474,193892.73,479976.02
LAAR007001,1736,185936.0,413388.0
21CC810A001,448,188735.0,502260.0
B21F0004001,480,212062.0,518769.0
B22C0549001,2986,227909.65,500984.34
B46B0693001,709,194614.0,419572.0
10-640002,280,55173.0,426965.0
BUND001001,2917,174718.0,390270.0
REFV094_3001,2076,172252.0,383098.0
B34F1459001,2786,255231.62,474487.57
B45H0192001,1781,173350.0,404310.0
B33B0328001,786,195520.0,472685.0
10-703001,1139,55218.0,427531.0
B51C1815001,2777,147775.0,376094.0
B45G0269002,1610,168326.0,409330.0
B27A0244001,999,185678.2107,490891.6532
B26G1790001,2218,168433.0,481039.0
10-697001,2631,57717.0,428107.0
B22C0567001,872,223530.18,507267.41
22CG108C001,2806,221650.0,504245.0
B34E0317001,2674,241070.0,464790.0
B57F0061001,2310,177643.0,373415.0
GROO008001,2595,181949.0,372890.0
ASTE010001,2600,185274.0,379787.0
B41D0049001,2307,235487.41,435519.34
PEVE009_2001,2956,186997.0,381601.0
B28A0005002,984,223024.0,492449.0
B33F0166001,1542,217970.0,469280.0
B29A0056001,2059,264748.57,494835.22
B34B0439001,1762,236680.0,464250.0
B52C0468001,2021,185146.0,386490.0
B27H0024001,2333,218715.0,476390.0
B41B0211001,1939,236215.6,449211.4
B07C1799001,431,226099.0,577336.0
ASTE007001,2726,182245.0,380818.0
22CG312E001,1041,223256.0,500903.0
B46A1649001,1548,184622.0,421314.0
B39H0411001,530,170214.0,431301.0
B46C0253001,1909,182218.0,402720.0
B17D0199001,1755,238397.0,533477.0
B45G0269001,1610,168326.0,409330.0
B27A0435001,518,184180.0,490910.0
28CG29C001,1282,222470.0,478852.0
B27A0270001,639,186430.0,491920.0
B27D0338001,1107,195297.863,476911.4185
ANNA005001,1670,169044.0,409192.0
ASTE006001,1862,182337.0,380965.0
28CG07K001,1052,220946.0,480582.0
B33B0490001,1955,195578.16,464335.59
27HC004A001,1428,210560.0,483710.0
10-686001,1138,55113.0,427717.0
B26G0306001,2573,168661.82,481267.1
ASTE009001,2659,183391.0,380454.0
B52A0214001,2033,182872.0,398290.0
5233_PBF001,2744,114952.0,396420.0
REFV012_3001,1725,177797.0,413979.0
B07C1805001,619,226231.0,577111.0
B34C0108001,1341,224027.25,460698.66
B22C0553001,2809,220943.48,500582.36
B22C0674001,681,222624.78,506511.35
B34C0245001,1148,228870.0,457410.0
B27D0094001,1173,195816.02,482101.93
B34C0246001,1719,226027.23,458607.61
PEVE008001,2957,186629.0,380748.0
B34C0248001,1518,227016.41,457045.51
GROO006001,2595,181985.0,372773.0
B34C0322001,2007,225801.0,456201.0
B52A0217001,1970,183176.0,396927.0
B34C0215001,1775,224426.71,462272.58
B34B0471001,1400,234551.0,465997.0
MV003.230001,1694,235805.0,529725.0
B22C0558001,1117,221904.2,508023.62
B34C0189001,2795,229077.3451,456008.3847
B17C0396001,911,225745.0,535547.0
B45F0652001,704,174033.0,421841.0
B17D0071001,2736,238540.0,530600.0
B28H0454001,1507,252305.46,477580.85
B17C0173001,1089,226660.0,531600.0
27FL0036001,2449,215350.0,493599.0
B45B0357001,225,156362.0,421274.0
DEUR029001,2950,190962.0,378132.0
B33G0316001,920,204000.0,461110.0
B41B0476001,1874,233744.0,442225.0
B41B0475001,1687,233082.0,441605.0
27HC105A001,1368,211595.0,482060.0
B41B0278001,1261,231100.0,441900.0
B34E1677001,1684,246065.0,470376.0
B17E1541001,2976,244357.0,541066.0
DEUR038001,2280,190532.0,376714.0
B41E0248001,2778,240970.0,440460.0
B41A0153001,2213,220139.52,439985.96
B45B0327001,348,157905.0,421952.0
21EC208A001,267,202604.0,516663.0
B38H2377001,776,136960.0,431611.0
B34F3239001,2523,251899.1,464008.7
DEUR004001,2954,187269.0,382774.0
B38E1621001,658,127348.0,448773.0
27FG76I001,1613,216534.0,493017.0
B21H0044001,1178,216267.07,505538.53
B22C0134001,215,221127.23,509572.29
B31D1554001,21,117786.0,462428.0
27FG76F001,2270,217072.0,493602.0
B12D1770001,121,234639.0,551484.0
ASTE005001,2667,181893.0,381061.0
B27G0946001,2566,207192.0,481173.0
WIJB003001,701,159594.0,404788.0
B28C0113001,1052,221070.17,480064.59
5230_PBF001,576,115044.0,396783.0
21DC309B001,219,193101.0,503591.0
Brongebied Vl Aa-PB5001,781,215997.0,548242.0
B28A0004001,985,225503.0,493545.0
B32D1372001,579,158730.0,453709.0
B44H0312001,9,135980.0,405040.0
27FG812T001,1485,219279.0,485718.0
CORK001001,2313,175826.0,383196.0
Gemaal Hackfort - Makkink_14_FT1_WATHTE_m_NAP_GW_DagGem001,1006,216637.0,457718.0
VILT102001,2039,192187.0,410579.0
27HG70S001,1439,218263.0,486819.0
B52A0226001,1859,183390.0,390160.0
B28H0690001,1874,255383.76,484367.75
WIJB001001,471,159846.0,405752.0
B28C0419001,1616,220031.56,484838.83
CORK010001,1570,171057.0,381737.0
B41B0477001,1874,233317.0,442938.0
B17E2222001,1810,241038.0,545023.0
B32G0209001,302,167213.29,451807.58
PEVE023_2001,2952,188106.0,384150.0
B45G0272001,1319,168610.0,408540.0
B46C0162001,1540,182720.0,411930.0
TONG003001,2037,182161.0,414248.0
B40A0686001,586,182653.2,440313.8
B37D0407001,595,70958.0,433844.0
RM445_31eWijk001,1402,233282.0,525645.0
B45H0189001,1902,178255.0,405150.0
B45H0239001,2272,171420.0,403139.0
B27D0095001,843,195150.0,480880.0
B17C1761001,967,224809.0,536109.0
Brongebied Vl Aa-PB6001,780,216563.0,547416.0
B17C1752001,1089,221821.0,536177.0
B51F1828001,1902,178404.0,395801.0
B28H0658001,2116,256279.99,483292.68
B45G0341001,1186,167560.0,411420.0
B51B1750001,1770,152070.0,391191.0
REFV156_3001,1191,184018.0,414205.0
B17D1436001,2797,233908.0,536800.0
B41B0473001,2057,234579.0,440419.0
5309_PBF001,842,101159.0,391247.0
21DG051A001,329,195218.0,511123.0
B33G1144001,1655,204791.0,460434.0
B41E0448001,2420,243020.0,445200.0
21FL0008001,1239,213283.0,517833.0
ZUIDWOLDE-ZUID-PB17002,300,222200.0,514960.0
27FG76R001,1673,217291.0,492471.0
B17D0198001,1752,238234.0,533577.0
B46D0987001,2213,191800.0,402730.0
B40F0396001,2206,219721.88,440031.1
B12D1796001,2860,231983.0,553949.0
MIDDENLOOP-PB4001,302,213802.0,544530.0
B34G0300001,2731,245570.0,455880.0
21GG912A001,1247,209030.0,500630.0
B29A0072001,2048,268128.84,488207.6
B34A0108001,1827,229916.0145,465941.5404
B45H0474001,2972,178069.0,402941.0
B17C0401001,794,223337.0,534038.0
REFV094_5001,2136,173687.0,383950.0
B51E0069001,2194,166483.0,399313.0
B41D0120001,2911,235939.0,436999.0
21DG022C001,1019,192111.0,509898.0
SANG003001,2197,172701.0,383190.0
REFV094001,2260,173118.0,383986.0
B51F0424001,2071,173020.0,395010.0
B45G0273001,1919,169164.0,408390.0
B45G0273002,1919,169164.0,408390.0
B12G1550001,672,240984.0,560643.0
B41E0417001,2882,248051.12,437802.33
B39F0550001,2999,176940.0,444970.0
B17C0174001,2,222842.0,534563.0
B37H0952001,475,92450.0,429520.0
B28H0695001,2945,257556.41,475220.11
16FL850901001,2621,212864.0,541515.0
5213_PBF001,1515,116258.0,388313.0
B17D1457001,1389,237388.0,534198.0
B17A0099001,1270,226820.0,539100.0
B12A0120001,696,229008.0,572978.0
10-501001,280,57842.0,428154.0
5216_PBF001,1644,100675.0,388477.0
B28A0362001,1229,228841.5223,496390.447
B34F3256001,1801,252892.6,474211.76
SANG004001,2260,172415.0,382184.0
GROO005001,2595,181985.0,372774.0
GROO007001,2595,181985.0,372776.0
Gemaal Hackfort - Harmsen_13_FT1_WATHTE_m_NAP_GW_DagGem001,1315,216490.0,457352.0
B34F1464001,2581,256176.6,474637.72
B33E0250001,531,202480.0,473610.0
B17C0364001,792,223649.0,533481.0
B22F0635001,1401,258003.0,519861.0
27FC011A001,1366,211994.0,498176.0
B34C0095001,1719,226024.0,458603.5
27FG812D001,1362,219259.0,487277.0
27HC801D001,1420,218218.0,486342.0
B51A0501001,2323,147886.0,396842.0
SANG014001,2379,172308.0,382473.0
B45B0564001,338,158110.0,414080.0
B45G0298001,1002,165128.0,404672.0
B41B0469001,1936,235111.0,441510.0
21HL0010001,1427,219195.0,500335.0
B34C0247001,1217,225562.45,461114.95
B34C0164001,1403,224007.09,461143.15
B34A0118001,1541,222290.0,471650.0
B32G0180001,421,167998.79,457811.87
10-709001,1139,54955.0,427653.0
ANNA011001,2096,169038.0,408806.0
REFV020_2001,1435,169241.0,408048.0
MIDDENLOOP-PB1001,611,213805.0,545596.0
DYNA002001,603,158244.0,407597.0
B46C0207001,1962,189635.0,400270.0
28CL0015001,1539,220719.0,476588.0
B51B0084001,2498,154601.0,394169.0
B52A0048001,2033,182870.0,398290.0
SANG010001,2139,172329.0,383481.0
REFV017_3001,1194,192193.0,411427.0
B51H0164001,2551,175936.0,379421.0
B28A0430001,1234,222755.97,488879.42
B41E0424001,2520,241660.0,438680.0
B28A0163001,1045,223851.38,492113.49
B06D0470001,2686,197571.0,580426.0
B38H2374001,11,137689.0,436376.0
B28H0654001,1683,256210.45,484341.65
B07C1797001,433,228327.0,577428.0
DYNA003001,603,158286.0,407607.0
ANNA004001,1671,168517.0,409261.0
22CG208D001,697,222430.0,504460.0
B28H0691001,2724,256244.82,475453.97
B44H0366001,131,136512.0,411162.0
B32D1371001,933,159832.0,450234.0
B33B0515001,1108,199790.0,468460.0
B41B0099001,1820,234750.0,448760.0
B44F0236001,105,139928.0,414946.0
B33E0250002,531,202480.0,473610.0
B27G0143001,1367,209205.13,486898.5
B12B1726001,186,239160.0,569097.0
2079_PBF001,194,129306.0,411315.0
5207_PBF001,600,116248.0,395165.0
B22C0104001,2990,226802.34,500148.37
B34C0222001,1216,222150.0,458850.0
B28A0075001,2814,225975.45,498631.51
B56F0006001,2524,137013.0,374394.0
B33H0348001,1073,212350.0,451945.0
B52D0154001,2467,190424.0,379086.0
B41B0206001,2112,237722.33,449336.05
B41B0098002,1879,234535.0,449700.0
B40E0352001,2680,202721.0,448840.0
B34D0335001,2246,237020.0,451160.0
B11H0359001,1162,214318.0,551695.0
B58A0048001,2412,180549.0,371558.0
B22C0065001,601,222799.85,500536.44
B27G0167001,54,207488.61,485443.21
B12D0273001,2979,231180.0,556170.0
B40F0060001,2992,219063.43,439969.04
B40F0399001,2992,219063.97,439969.91
B33E0276001,1588,205700.0,462790.0
B34B0160001,2872,233400.75,471709.38
B50G0047001,1860,128397.0,384713.0
5246_PBF001,799,111255.0,391647.0
B27D0277001,396,199945.3924,483012.6697
B41B0095001,1994,239680.0,438900.0
GROO001001,2169,184929.0,375156.0
DEUR030001,2709,190646.0,378669.0
B40H0166001,1769,215671.29,436066.14
OV135.350001,2807,219709.0,536375.0
PEVE020001,2650,189741.0,378069.0
B32G0092001,990,167279.81,455679.08
B12G0103001,2617,240220.0,558530.0
B17E0085001,1455,248600.0,549500.0
5223_PBF001,2181,119754.0,381928.0
DEUR020001,2589,189961.0,378383.0
B40F0294001,1662,212633.1769,441072.0437
B16H0092001,2757,210685.43,533004.28
B28F0315001,2418,258749.36,493278.28
B28F0147001,2294,251048.22,494971.43
B28C0644001,668,229502.07,487062.57
B50C0028001,1513,104633.0,382971.0
B34F1466001,2843,255945.65,473773.99
B28A0439001,1038,226023.64,497725.78
B12G1540001,608,240699.0,560462.0
B56F0040002,2899,138087.0,372620.0
21FP7602001,815,218902.0,520093.0
B28C0192001,1096,228911.41,483640.63
B51G0485002,2993,166301.0,375709.0
B28A0155001,1596,229606.8,499562.72
B57B0154001,2964,159321.0,368159.0
5192_PBF001,631,107452.0,404817.0
B34C0224001,2978,227729.23,457506.66
B41A0181001,2673,227365.0,442140.0
B28A0066001,1223,224045.98,488590.34
B21H0036001,1000,215991.61,503899.15
B22C0062001,2685,220977.42,501303.24
B22A0074001,688,221560.0,519560.0
B28C0196001,2930,228387.72,482851.28
B28D0150001,1283,230212.03,482762.46
B41E0262001,2721,244882.0,446118.0
B06D0498001,570,194198.0,576698.0
B51G0471001,2365,162180.0,377229.0
B28C0322001,1215,228273.43,480166.2
B28F0080001,2598,250221.57,497268.24
ZUIDWOLDE-ZUID-PB15001,751,221632.0,517824.0
B52B0167001,1956,199534.0,396441.0
B21H0080001,543,218354.71,503353.41
B52B0167002,1956,199534.0,396441.0
B41E0488001,2826,247952.9,447902.31
B28A0058001,607,226590.155,494340.7272
B28E0094001,1680,249948.45,495189.45
B34B0248001,1339,233840.0,464910.0
B50A0149001,2922,104196.0,392534.0
DYNA015001,244,156844.0,408495.0
B21F0131001,2509,215035.64,515327.14
B17C1690001,2749,221492.0,525761.0
B45C0500001,3,143884.0,405862.0
REFV012_4001,1712,176755.0,414865.0
B28B0082001,1044,231416.67,492901.29
B34A0208001,1828,224400.0,462740.0
B28D1435001,730,231646.99,486718.24
B41B0096001,2126,234400.0,447700.0
B34D0238001,1143,230350.0,458500.0
DYNA016001,606,157129.0,408119.0
5312_PBF001,907,103368.0,391160.0
B22C0136001,748,227250.45,509003.52
B17H0333001,1335,250515.0,535470.0
B57F0061002,2310,177643.0,373415.0
B45H0075002,1852,178260.0,410008.0
B49H0007001,1642,96001.0,383614.0
B27H0047001,2568,210825.45,477989.32
B46A1648001,724,183745.0,420349.0
B41B0100001,1380,235015.0,448650.0
B22C0113001,336,223119.84,510262.73
B27H0033001,52,211300.28,477052.05
5234_PBF001,818,108269.0,395326.0
B34B0329001,1705,231620.0,462695.0
B45C0420001,183,143884.0,405861.0
DEUR016001,2470,188240.0,379829.0
B32E0125001,482,160330.0,467030.0
B34C0157001,1776,225120.86,461831.42
B27D0486002,697,197580.34,475660.31
B33F0079001,1165,218418.31,474528.88
B17F0073001,1398,251260.0,540550.0
B34B0299001,2991,232480.0,464780.0
B28A0079001,1157,225578.94,497850.67
B28H0230001,2974,256227.84,484102.98
B22D0141001,365,232062.3,501268.8
B28B0141001,2987,232527.04,497514.44
B34B0247001,706,231711.0,465353.0
B27H0104001,1051,219313.18,477401.91
B51H0177002,2813,174937.0,382737.0
B22C0428001,983,223776.25,500483.51
B57E0018002,2653,162534.0,369447.0
BULT001001,2351,186131.0,389305.0
B34C0320001,1278,224852.65,462421.14
B28E0173001,1815,247257.23,498127.25
B51H0125002,2257,171968.0,384218.0
B51A0205001,2692,144011.0,398141.0
B27H0025001,2447,210145.28,477688.54
B27G0149001,1057,207383.94,484707.19
B28H0462001,2974,256061.36,483924.57
B41A0185001,1374,220488.54,440007.9
B32E0091001,1232,166610.0,469210.0
5337_PBF001,927,109928.0,392213.0
B26G0436001,454,167157.48,478502.17
B40F0057001,2206,219721.51,440031.41
B40F0420001,1979,219456.41,440885.98
B41A0183001,1685,228260.0,441935.0
5336_PBF001,927,110023.0,392220.0
B52A1488001,2351,186680.0,389915.0
21DG034J001,331,194171.0,509600.0
REFV012001,1773,178313.0,415364.0
DEUR022001,2466,189665.0,379061.0
B46A1643001,2752,182370.0,421982.0
B39E0244001,883,167738.77,443389.8
B26H0603001,38,175452.7451,486420.3387
B28D0441001,1220,235980.07,482253.1
CORK008001,2532,187613.0,389259.0
B51C0303001,1802,141594.0,381505.0
B28C0254001,1276,228541.3,481218.1
5221_PBF001,1560,120694.0,381447.0
B11B0263001,571,198474.0,564094.0
B28A0432001,1038,222619.69,498192.32
B50C0029001,1512,107362.0,386985.0
B51E0172001,2320,162939.0,397324.0
B32E0328001,1055,164010.0,468830.0
B34F1460001,2541,255600.74,474496.59
PEVE017_2001,2403,190322.0,381582.0
B22C0426001,2804,223012.58,502287.7
B29C0137001,2535,266737.92,487451.49
B52C0308001,2415,184145.0,378490.0
B34B0294001,1828,236362.08,471788.22
2146_PBF001,899,125745.0,411255.0
B32B0164001,432,158130.0,470980.0
21ER707F001,385,207310.0,517340.0
B45H0034002,2254,170068.0,400029.0
DEUR018001,2650,189230.0,378615.0
B60B021401.0,2343,194133.0,347991.0
B32B0620001,753,159090.0,468050.0
B44H0289002,2440,139078.0,404374.0
B27A1056001,71,189802.53,497583.62
RIJS004001,312,145580.0,410529.0
B51H0125001,2317,171968.0,384218.0
DYNA021001,641,155699.0,408928.0
B28A0637001,996,222397.0,497116.0
PELO019001,1782,175205.0,398218.0
27HG008001,1362,219440.0,486755.0
167-105-00009_GH001,331,91194.0,454926.0
B41E0885001,2420,243267.0,445190.0
B40E1526001,2800,202633.0,448872.0
B27H0430001,1426,215826.0,479821.0
037-105-00002_GH001,26,88591.0,455255.0
27HG005001,1439,218430.0,486795.0
B34E1751001,2673,240935.0,462651.0
B34A1023001,1597,224799.0,470496.0
B41E0888001,2847,243333.0,445313.0
B36H0121001,2519,49763.5,425561.5
B37C0737001,2339,64931.6,428974.5
PEEL002_4001,2494,178594.0,392390.0
B45G1044001,32,162625.0,409080.0
BOVO003001,1848,177260.0,411526.0
B41E0884001,2360,243161.0,444925.0
B41B0483002,1687,233609.0,441923.0
RIJS005_2001,300,145405.0,410487.0
Primair_WRW_13001,257,192694.0,532844.0
B46A2068001,1133,187171.0,416166.0
B33H1526002,2268,215349.0,458245.0
B38D0349001,269,112336.6,428806.4
B43E0201001,779,80239.5,418071.8
B46A0828002,2336,182882.0,422055.0
B33G1188001,2386,205348.0,459330.0
27HG010001,1498,219454.0,486435.0
27HG006001,1439,218903.0,486481.0
27HG012002,2330,219308.0,486235.0
27HG002001,2451,218500.0,487128.0
B34D1413001,1203,233887.0,450792.0
B41E0883001,2420,243144.0,445303.0
27HG013001,2330,219318.0,486036.0
B37F0382002,42,96973.2,444709.2
27HG011001,1498,219427.0,486367.0
B46C0491001,1796,188228.0,411137.0
B33E1303001,1470,201665.0,463045.0
ALBL20004001,330,117523.723,431135.684
B41E0886001,2420,243128.0,445186.0
B34C1149001,1022,229485.0,460122.0
Aaltense Goor pb14_1426_FT1_WATHTE_m_NAP_GW_DagGem001,1687,234245.0,441510.0
22AC202A001,556,222081.0,522507.0
BENL20004001,46,141367.9,440241.3
27HG001001,1439,218002.0,487042.0
B33E1303002,1470,201665.0,463045.0
27HG012001,2330,219308.0,486235.0
27HG003002,2451,218566.0,486967.0
27HG015001,1423,219782.0,486135.0
PEEL003_4001,1903,179722.0,392507.0
B38H2390002,837,136680.0,434319.0
B21F0736001,253,219408.0,518766.0
B33H1526001,2208,215349.0,458245.0
B21D0972001,328,197531.0,511816.0
B34D1408001,2185,231295.0,450046.0
B40F1933001,1794,217316.0,445533.0
B12D2035001,1462,235869.0,551944.0
B39A2370001,105,146084.0,437524.0
B45C0584001,2572,140291.0,408849.0
PEEL002_1001,1904,179122.0,392517.0
B52D2143001,2280,190835.0,376416.0
B33E1240001,1470,201668.0,463250.0
B34E1749002,2794,241119.0,463905.0
B12D2030001,900,234675.0,551502.0
B33G1183001,1166,202164.38,460400.72
PEEL0021_2,1904,179122.0,392517.0
B33G1187001,2864,205340.0,457685.0
B34G1386001,2791,245022.0,455969.0
BENL20008001,45,133399.1,436488.7
9100_PBF1001,172,87342.1721,401685.7247
B33H1529001,1656,214798.0,453942.0
PEEL0034_2,1903,179722.0,392507.0
RIJS005001,300,145405.0,410487.0
27HG800B001,1421,218323.0,487401.0
HAMM001001,275,144399.0,410640.0
B33H1523001,1128,215230.0,456668.0
B12D2028001,1770,233479.0,550309.0
B40F1952001,1793,218482.0,445822.0
B41A0554001,2091,222041.0,441938.0
B34C1151001,915,226069.0,459247.0
B33G1197001,1407,203341.0,460625.0
B22A1099001,253,220904.0,517756.0
B41B0490001,2001,231848.0,448879.0
B32E1315001,931,165609.0,469901.0
27HC111A001,53,211095.0,476265.0
B22C1350001,215,220750.0,509201.0
B46A0826002,1253,183976.0,422307.0
B33H1520001,1377,216782.0,461234.0
B22A1173001,675,228406.0,515522.0
PELO014001,2972,178987.0,397010.0
B41B0482002,1749,234377.0,441365.0
B41A0552001,2091,221758.0,441286.0
B45C0584002,2572,140291.0,408849.0
B27F0374001,1677,214408.0,496729.0
B33G1184001,1589,203054.0,460340.0
B41B0482001,1748,234377.0,441365.0
B22A1170001,241,225684.0,515512.0
B33G0397001,2864,205600.0,458317.0
PEEL0015_2,1140,179346.0,391374.0
B44F2173002,45,132444.0,423272.0
NPD-PB6001,862,221699.0,532127.0
17DC202B002,1693,232733.0,535431.0
B12D2029001,1582,233596.0,552747.0
B22A1096001,555,222238.0,514694.0
B40F1934001,2154,215334.0,444585.0
B17G1450001,2976,241421.0,530596.0
B22A1097001,556,222331.0,514887.0
B33H1522001,1068,215408.0,456799.0
B21F0771001,255,212081.0,521977.0
B51E0209001,2134,164710.0,399340.0
B34B1292001,1267,239935.0,464356.0
PEEL003_1001,1984,180106.0,392499.0
PEEL0031_2,1984,180106.0,392499.0
NPD-PB8ONDIEP001,1472,221523.0,530639.0
B51H1914001,1926,170596.0,377488.0
FEIJ002001,2348,189822.0,382105.0
DEDI012001,644,170077.0,425841.0
BLPO006001,2011,171953.0,396246.0
DEDI007001,955,170932.0,425552.0
DEDI008001,955,170922.0,425531.0
DEDI009001,894,170041.0,425748.0
DEDI010001,585,170102.0,425905.0
DEDI011001,585,170078.0,425874.0
PEVE102_2001,2348,190227.0,381635.0
B51G2582001,1872,169581.0,377896.0
DEUR010001,2950,188619.0,383753.0
DONK001001,641,156958.0,407823.0
B51F1911001,1893,172304.0,396189.0
B51F1913001,1833,172409.0,395668.0
B51F1914001,1953,172004.0,396078.0
B51G2560001,1322,168924.0,379684.0
DIES002001,2251,176851.0,383533.0
BLPO004001,1833,172401.0,395657.0
BLPO005001,1953,172051.0,396082.0
P17A0021001,1091,223118.0,544115.0
180-105-00036_GH001,291,110073.0,479832.0
180-105-00037_GH001,291,109822.0,480062.0
180-105-00040_GH001,49,109170.0,480892.0
180-105-00039_GH001,236,109030.0,480740.0
B31E2786001,88,123366.0,463763.0
B31E2787001,28,122827.0,463208.0
B31E2788001,148,123914.0,463553.0
B31E2789001,151,122895.0,462559.0
B44E0212001,287,129738.0,422532.0
B31D1624001,18,118110.0,462406.0
B38E1909001,288,124064.0,442085.0
B38E1911001,1136,120852.0,439402.0
B39A2383001,168,141566.0,442229.0
LAAR010001,1251,186154.0,413261.0
B28A0402001,2870,224668.43,488474.79
LABW010001,1232,169364.0,407746.0
B46B0747001,467,193516.0,413172.0
HORA006001,120,179527.0,416071.0
KERI240001,887,181812.0,417976.0
LABW001001,1728,169559.0,407866.0
NPLV029001,2771,188749.0,378531.0
LABW011001,1413,169302.0,407665.0
NPLV007001,2773,187090.0,381534.0
NPLV017001,2161,187041.0,381391.0
NPLV023001,2160,187855.0,379037.0
NPLV024001,2100,187908.0,378941.0
NPLV026001,2100,187965.0,378857.0
NPLV030001,2712,188509.0,378500.0
NPLV044001,2895,186860.0,381564.0
TOVE014001,2142,188530.0,406560.0
VOST001001,1124,192279.0,408486.0
NPLV016001,2834,187366.0,379317.0
NPLV039001,2958,186703.0,382109.0
NPLV042001,2956,186628.0,381798.0
NPLV045001,2044,186797.0,380960.0
NPLV046001,2957,186589.0,381012.0
NPLV053001,2837,187366.0,379081.0
NPLV054001,2833,187696.0,379117.0
PEEL001_3001,1849,179424.0,391564.0
PEEL002_3001,1790,178761.0,392364.0
B41D0127001,2001,230576.0,437115.0
B16H1485001,622,212732.0,537319.0
B37A0420001,179,69536.9,447285.0
B40F1951001,527,210712.0,444055.0
PEEL001_5001,1140,179346.0,391374.0
BENL20025001,959,130168.0,430179.0
BENL20026001,1017,132411.0,431197.0
BOMW20004001,226,143580.8,419024.0
BENL20019001,49,143847.9,437993.3
MAWA20025001,468,159743.2,425573.2
5371_PBF001,310,114867.0,402686.0
9164_PBF001,535,118168.721,413648.406
BENL20016001,349,143548.0,427531.1
BBEE001001,2434,176759.0,390390.0
B16H1472001,180,211535.0,536701.0
ALBL20003001,359,106609.5,430302.4
BENL20001001,537,129249.8,433110.2
TOVE001001,1125,188483.0,406987.0
B40D2329001,713,194488.0,428237.0
B45F1045001,1411,178791.0,416067.0
HORA001001,1411,178791.0,416067.0
B34E1750001,1685,240109.0,464688.0
B46C0501001,1760,186551.0,405205.0
B43B0788001,42,71918.0,424771.0
B34E1749001,2794,241119.0,463905.0
247-105-00006_GH001,282,90586.0,453643.0
B43G1173001,462,89321.0,411149.0
B16H1474001,66,213404.0,536937.0
TOVE004001,1065,188521.0,406424.0
TOVE006001,1760,186551.0,405205.0
BULT007001,2653,186585.0,390799.0
HOND001001,300,146434.0,410594.0
SM050.080001,1592,220200.0,541617.0
HOOI012001,355,136878.0,414039.0
B38H2395001,134,135013.0,431415.0
B38H2395002,196,135013.0,431415.0
B41E0915001,1920,241891.93,440439.08
B21C3368001,461,187903.0,501410.0
B45A2605001,411,140430.0,422455.0
B32B0539001,779,158338.0,473647.0
B41B0483001,1746,233609.0,441923.0
B36H0456001,2519,49899.8,425485.3
B31C0249001,74,101162.1,457340.8
B46B0709002,831,194809.0,418919.0
B17G1468001,1448,244143.0,535704.0
N2temporary001,205,177252.0,487012.0
B22B0795001,381,238807.0,517777.0
B34C1180001,1642,227845.0,459305.0
B34C1188001,1518,229405.0,458446.0
B34C1184001,1400,227930.0,458572.0
Aaltense Goor pb15_1427_FT1_WATHTE_m_NAP_GW_DagGem001,1687,234080.0,441125.0
B52D216901.0,2646,192565.0,384544.0
B52D218001.0,2948,194010.0,384158.0
B52D217901.0,2707,194058.0,383635.0
B52D217701.0,2896,195697.0,382301.0
B34C1179001,1401,228473.0,459467.0
B41E0905001,2168,241931.0,443887.0
B41E0882001,2420,243094.0,445310.0
B41E0904001,2775,242330.0,443994.0
B41E0907001,2775,242056.0,443717.0
B41E0906001,2053,241574.0,443621.0
B41E0881001,2420,243123.0,445281.0
OV110.001001,441,222815.0,539699.0
21BC911A001,23,199628.0,513350.0
27HG003001,2451,218566.0,486967.0
B44C0051001,620,101988.0,400665.0
B40E1542001,833,202868.0,440692.0
B40B1761001,834,197292.0,441697.0
B41E0454001,2049,242631.0,444433.0
B41E0461001,2227,242946.0,445530.0
B41E0457001,2106,242995.0,444745.0
B41E0456001,2106,242724.0,444948.0
B41E0453001,2050,242091.0,444481.0
B41B0529001,1860,237670.0,447337.0
B41B0516001,1502,232382.0,444282.0
B41B0517001,1563,232859.0,444210.0
B41E0917001,2106,242761.0,445069.0
B41E0916001,2585,242999.0,445707.0
B41E0841001,2228,242708.0,445196.0
B41E0487002,2228,241900.0,444036.0
B41E0486002,2049,242437.0,444773.0
B41E0918001,2106,242935.0,444719.0
B41E0919001,2104,243064.0,444454.0
B40F1946001,1722,219700.0,441635.0
B40F1947001,1788,219146.0,442441.0
B40F1945002,1966,219255.0,441510.0
B40F1944001,2087,219382.0,441343.0
B40F1943002,1966,219475.0,441507.0
B40F1943001,1966,219475.0,441507.0
B40F1942002,1785,219306.0,441207.0
B40F1942001,1785,219306.0,441207.0
B40G1083001,952,207364.0,435561.0
B40F1941001,2085,219702.0,441376.0
B40F1940001,1721,219693.0,441155.0
B40F1938001,1721,219509.0,442000.0
B40F1918001,1724,218852.0,442253.0
B40F1923001,1777,218531.0,441963.0
B40F1926001,1435,218914.0,441496.0
B40F1927001,1915,219218.0,443060.0
B40F1937001,1723,219834.0,442170.0
B41A0556001,1664,220083.0,441729.0
B41A0555001,1131,220060.0,441105.0
B41B0238001,1628,233610.0,441890.0
B41B0248001,1935,233664.0,440988.0
B41B0240001,1749,234401.0,441338.0
B44H0830001,295,135786.0,404196.0
B44H0882001,2501,137733.0,403547.0
B44H0879001,94,135705.0,403285.0
B44H0877001,175,136620.0,403535.0
B44H0874001,94,136735.0,404014.0
B44H0873001,34,136463.0,404354.0
B44H0869001,1062,135569.0,404785.0
B44H0868001,35,135832.0,404461.0
B44H0867001,2338,136402.0,405382.0
B44H0866001,1062,136460.0,405138.0
B44H0841002,295,139757.0,405006.0
B44H0883001,2440,137340.0,404044.0
B44H0900001,417,137847.0,404492.0
B44H0897001,417,138069.0,403884.0
B45C1325001,545,145586.0,403677.0
B45C1077001,1290,146394.0,401040.0
B45C0455001,761,142855.0,402725.0
B45C0544001,193,145043.0,410934.0
B34C0296001,1838,226662.0,450600.0
B34E1618001,2853,244619.0,469427.0
B34E1619001,2000,244509.0,469522.0
B34F1575002,2701,256809.0,463606.0
B34F1575001,2760,256809.0,463606.0
B34F1432001,2172,250530.0,466760.0
B34F1430001,2541,252560.0,468380.0
B34F1426001,2580,256067.0,469000.0
B34E1527001,1380,240648.0,462795.0
B34E1526001,2674,240112.0,464794.0
B34E0309001,1622,249610.0,470960.0
B34E0315001,2424,246646.0,466724.0
B34B1162001,1948,234822.0,466036.0
B34B1161001,962,235367.0,464577.0
B33G1396001,1355,205822.0,460067.0
B33G1395001,1537,205870.0,458565.0
B33G1394001,2144,205094.0,459810.0
B33G1374001,1047,205381.0,458084.0
B33G1371001,2325,205136.0,459548.0
B33G1370001,2326,205869.0,459453.0
B33G1368001,1106,205007.0,456905.0
B33G1366001,1294,205210.0,458948.0
B33G1365001,1476,206174.0,458981.0
B33G1364001,1357,206268.0,459144.0
B33G1170002,889,206933.0,460067.0
B33G1212001,1468,204596.0,458170.0
B33G1213001,1436,205676.0,459172.0
B33G1214001,1417,206534.0,459056.0
B33G1216001,2203,207068.0,460304.0
B33G1362001,889,207256.0,459334.0
B33G1363001,1357,206262.0,459227.0
B34B0383001,1825,239700.0,471320.0
B34B0464001,1145,231417.0,462615.0
B34B0301001,2982,236150.0,469750.0
B34B0252002,1886,237660.0,467440.0
B34F2959001,2760,256896.0,463569.0
B34F2959002,2760,256896.0,463569.0
B35A0138001,2580,268294.0,474351.0
B36H0020001,1199,55189.0,427177.0
B34G0251001,2887,248690.0,461380.0
B34F3746001,2703,256262.0,463239.0
B34F3199001,2700,256773.0,463435.0
B34F3198001,2523,250484.0,464126.0
B34F2960002,2700,256765.0,463438.0
B34F2960001,2760,256765.0,463438.0
B36H0455001,718,50581.0,425109.0
B36H0252001,1138,55185.0,427605.0
B32G0344001,1292,169811.0,454592.0
B32G0387001,483,164580.0,454130.0
B33G1132002,1165,203926.0,454457.0
B32E1214002,689,162378.0,466261.0
B32E1311001,2630,164261.0,473318.0
B32G0415001,503,166020.0,451218.0
B32G1122001,2625,161080.0,459827.0
B32G1138001,1050,165698.0,454702.0
B32G1139001,1050,165702.0,454655.0
B32G1163001,1042,166363.0,450804.0
B32E1192001,518,161660.0,465172.0
B32E1162001,457,163812.0,463278.0
B32E1160001,746,164259.0,466126.0
B32E1190001,753,160976.0,465939.0
B32E1183001,397,161619.0,467857.0
B32E1181001,698,162787.0,468344.0
B32E1100002,2566,165050.0,470790.0
B32E0302001,2444,165535.0,472925.0
B32E1100001,2566,165050.0,470790.0
B32E1089001,396,161670.0,463878.0
B33E1213001,1174,202464.0,469519.0
B33E1205001,482,203140.0,471217.0
B33E1279001,895,200606.0,472299.0
B33E1261001,2557,202071.0,463230.0
B33E1260001,1349,201466.0,463163.0
B33E1259001,1408,201314.0,463072.0
B33E1179001,846,201745.0,465048.0
B33E0426001,179,207275.0,463326.0
B33E1288001,52,205369.0,471696.0
B33G1110002,722,202854.0,461656.0
B33G1130001,2924,201251.0,460360.0
B33G1108001,1346,203025.0,460775.0
B33G1107001,1406,202863.0,460531.0
B33F0080002,2808,213260.0,473900.0
B33F0080001,2808,213260.0,473900.0
B32H1221001,1353,171087.0,459700.0
B33B1936001,1225,198409.0,465037.0
B33A0223001,2878,182760.0,468984.0
B33B1906001,1531,198476.0,464591.0
B39E2778001,498,168072.0,447014.0
B39E2800001,247,166387.0,449034.0
B39E2920001,685,169981.0,446073.0
B39E2644001,805,168817.0,445506.0
B39E2628001,2639,169118.0,441998.0
B39E0426001,495,169574.0,446489.0
B39E0120002,808,169742.0,443099.0
B39E0120001,809,169742.0,443099.0
B39E0130001,2699,169680.0,441580.0
B39F2887001,565,170446.0,445747.0
B39F2885001,497,170964.0,444226.0
B39F2881001,680,170942.0,445519.0
B39F2891001,565,170422.0,443850.0
B39F0798001,844,173826.0,446815.0
B39F3030001,627,170085.0,445704.0
B39F3037001,614,171372.0,443411.0
B39F3036001,746,171659.0,444293.0
B39F3034001,396,171439.0,445024.0
B39F3033001,746,171074.0,444940.0
B39F3031001,497,170161.0,445482.0
B39F3039001,926,172080.0,443648.0
B38F2355001,47,137112.0,447621.0
B38F2356001,45,131529.0,446072.0
B38E1619001,419,127228.0,448569.0
B38E1617001,299,127290.0,448728.0
B38E1881001,209,125304.0,447827.0
B38E1616001,419,127028.0,448574.0
B37F3793001,40,90373.0,448309.0
B38C4002001,535,100118.0,436250.0
B38E1613001,138,127991.0,448389.0
B38E0303001,239,126828.0,448198.0
B38B2364001,148,118225.0,446239.0
B39C0250001,657,143282.0,428966.0
B39C0249001,411,143869.0,429004.0
B39B1575001,584,156884.0,443711.0
B39B1581001,524,156067.0,446075.0
B39B1582001,466,156800.0,445475.0
B39D2475001,716,151496.0,429383.0
B57B0294001,2050,159750.0,370250.0
B57B0300001,2848,159795.0,369229.0
B57B0427001,1930,159679.0,370507.0
B57B0423001,1921,156084.0,371336.0
B57B0545001,2886,152704.0,366204.0
B57B0544001,2765,152759.0,365764.0
B57B0536001,2042,159307.0,370235.0
B57B0534001,2965,159303.0,369151.0
B57B0547001,2903,154002.0,365818.0
B57B0546001,2765,153565.0,365881.0
B57B0562001,1980,159699.0,367876.0
B57B0561001,1980,159618.0,367893.0
B57B0549001,2903,154978.0,366633.0
B57B0553002,2970,157430.0,373597.0
B57B0553001,2910,157430.0,373597.0
B57B0552001,2766,153288.0,366954.0
B57B0551001,2947,153078.0,366913.0
B57B0550001,2765,153126.0,365997.0
B57B0465001,1928,157392.0,373217.0
B57B0464002,1929,157476.0,373044.0
B57B0439001,2172,152500.0,374750.0
B56F0095001,2845,137506.0,374780.0
B57A0340001,2828,146606.0,372830.0
B57E0064001,2609,169043.0,366961.0
B57E0064002,2609,169043.0,366961.0
B57F0453001,2430,170883.0,372984.0
B57H0047001,2965,174811.0,356355.0
B57G0058001,2340,167730.0,359249.0
B57E0735001,2653,168973.0,370652.0
B57E0733001,2100,164213.0,369014.0
B57H0442001,2340,170299.0,360148.0
B57H0216001,2967,172017.0,360070.0
B57H0215003,2966,171815.0,360202.0
B57H0214001,2968,171790.0,360245.0
B57H0215001,2968,171815.0,360202.0
B57H0215002,2967,171815.0,360202.0
B57E0171001,2892,160820.0,369330.0
B57E0625001,2040,167315.0,372168.0
B57E0667001,2430,167898.0,371638.0
B57E0668001,2370,167698.0,371519.0
B57E0548001,2969,169565.0,367577.0
B57E0553001,2670,169980.0,367628.0
B57E0552001,2610,169857.0,367588.0
B57E0551001,2969,169721.0,367735.0
B57E0549001,2550,169355.0,367696.0
B57E0546001,2670,169291.0,366875.0
B57E0599001,1982,163736.0,367567.0
B52D2040001,2769,191133.0,380095.0
B52C1989001,2295,181542.0,382709.0
B52F0055001,1899,211552.0,392707.0
B60B1262001,2543,199577.0,347609.0
B60B1261001,2603,190066.0,340661.0
B60B1260001,1620,192452.0,348837.0
B60B0195001,2604,190070.0,341208.0
B62B4300001,2940,195043.0,321989.0
B62A0449001,2999,184465.0,320336.0
B62A0449002,2999,184465.0,320336.0
B58C1745001,2669,180480.0,360729.0
B58A0095003,2900,182096.0,364468.0
B58E0266001,710,206475.0,374292.0
B58E0267001,1334,206284.0,373251.0
B50F1480001,1761,131002.0,390543.0
B50G0340001,1804,129077.0,387396.0
B50F1472001,2004,131498.0,390654.0
B50F1471001,2004,131333.0,390938.0
B50F1470001,2795,131070.0,389948.0
B50F1469001,1822,131527.0,390139.0
B50F1366001,2433,138541.0,389725.0
B50F1443001,2005,131197.0,390397.0
B50F1468001,1818,131350.0,390223.0
B50B0508001,904,117588.0,391841.0
B50B0071001,2,118719.0,395086.0
B50B0101001,1647,118028.0,392578.0
B50B0211001,858,117394.0,396701.0
B50E0157001,1330,124382.0,392421.0
B51A1771001,2321,149458.0,395086.0
B51A0479003,11,146385.0,396318.0
B51A1863001,2323,144462.0,399607.0
B51A1853002,305,146323.0,398843.0
B51A1885001,662,142310.0,392832.0
B51A0098001,787,147080.0,398050.0
B50H0374001,1803,134535.0,385466.0
B50H0379001,2666,136583.0,383531.0
B50H0380001,2727,138555.0,381712.0
B50H0384001,2666,137658.0,380445.0
B50H0385001,2666,137738.0,380461.0
B50H0400001,2417,138102.0,378117.0
B50H0403001,2660,138864.0,377093.0
B50H0404001,2416,138864.0,377874.0
B51G2283001,1626,164539.0,378194.0
B51G2284001,1996,164925.0,378087.0
B51G0864002,1445,165311.0,383244.0
B51G2175001,1444,165277.0,380678.0
B51G2480001,2856,163943.0,385690.0
B51G2455002,1382,163815.0,380800.0
B51G2455001,1382,163815.0,380800.0
B51G0331001,2365,162074.0,377945.0
B51F0248002,2435,175375.0,390290.0
B51G2507001,1020,164158.0,385819.0
B51H1919001,1200,173098.0,378055.0
B51H1916001,1864,170288.0,379064.0
B51H1915001,1865,170031.0,378305.0
B51H1879001,1200,172226.0,378900.0
B52B0046001,2994,194563.0,393627.0
B51G2509001,2192,166372.0,383849.0
B51G2576001,1446,168791.0,376716.0
B51G2566001,1865,164080.0,378920.0
B51G2565001,2128,160868.0,381362.0
B51G2564001,1263,161079.0,380921.0
B51G2562001,2128,160850.0,381117.0
B51G2589001,1805,169055.0,377034.0
B51G2558001,1446,166199.0,383149.0
B51G2561001,2128,160924.0,381009.0
B51H0373001,2316,173050.0,382440.0
B51C1883001,1740,144002.0,381327.0
B51C1881001,2597,147709.0,380752.0
B51C1879001,2973,146636.0,383857.0
B51C1878001,2308,146209.0,384221.0
B51C1841001,1800,144678.0,378252.0
B51C1834001,1680,142974.0,381745.0
B51C1831001,2301,142283.0,381250.0
B51C1826001,2181,140401.0,384486.0
B51C1862001,2477,147790.0,378445.0
B51D2001001,2247,158155.0,375591.0
B51D0451001,2367,158030.0,377790.0
B51B1734001,1952,156361.0,394427.0
B51B1676001,2864,152636.0,396243.0
B51B0355001,1832,157382.0,394328.0
B51B0388001,2073,158251.0,393166.0
B51B0425001,243,154769.0,394256.0
B51C1765001,2363,143907.0,382087.0
B51C1764001,2362,144104.0,378822.0
B51C1761001,2427,147049.0,382849.0
B51C1757002,2717,145670.0,383456.0
B51E1873001,1696,163745.0,389447.0
B51E1871001,1831,163352.0,389237.0
B51D2045001,1870,155476.0,376728.0
B12H0048001,191,255444.0,561621.0
B16A1458001,375,187926.0,543786.0
B14D0089001,237,116177.0,525774.0
B14F0060001,298,131760.0,537770.0
B12D0273005,2979,231180.0,556170.0
B12D0273006,2979,231180.0,556170.0
B12D0273004,2979,231180.0,556170.0
B12D0273003,2979,231180.0,556170.0
B12D0273002,2979,231180.0,556170.0
B12D1813002,2616,230427.0,551759.0
B12C0221002,0,221638.0,556214.0
B12C0221001,0,221638.0,556214.0
B12C0190001,1086,222092.0,557833.0
B12B1762002,568,230389.0,573846.0
B12B1760002,318,230827.0,574119.0
B12C0056001,852,227584.0,556091.0
B12C1666001,1160,220293.0,560895.0
B12C0283001,60,220054.0,558248.0
B12F0152001,572,258227.0,574662.0
B12F1700001,259,255102.0,566875.0
B12F1699001,190,256001.0,568624.0
B12G0043002,1212,243180.0,555670.0
B12D2032002,1590,232866.0,552071.0
B12D2025002,1695,234720.0,552958.0
B12D2026002,1639,234892.0,553367.0
B12D2028002,2009,233479.0,550309.0
B17E1541002,2976,244357.0,541066.0
B17E1541003,2976,244357.0,541066.0
B17E0047002,1398,249480.0,541920.0
B17D2106001,2737,237567.0,532957.0
B17C1746001,850,223994.0,534805.0
B17C1751002,2989,221472.0,537095.0
B17C1754001,2,222260.0,534650.0
B17C1758002,792,224656.0,533687.0
B17H0333004,1335,250515.0,535470.0
B17G1730001,1450,245894.0,530435.0
B17G1724001,853,247916.0,530073.0
B17G1544001,1630,240500.0,531389.0
B17G1612002,1697,244262.0,532774.0
B17G1613001,1770,244390.0,533055.0
B17G1721001,60,246565.0,532153.0
B17G1719001,1448,246438.0,534255.0
B16F0313001,2807,212004.0,547859.0
B16F0312001,2743,212021.0,547996.0
B16F2055002,2811,217658.0,544868.0
B16H0238002,7,212911.0,535527.0
B16H0238001,7,212911.0,535527.0
B17C1690003,2749,221492.0,525761.0
B17C1690002,2749,221492.0,525761.0
B17C0392001,789,222607.0,532906.0
B17C0396002,911,225743.0,535548.0
B06F2151001,779,212783.0,594504.0
B06F0022001,111,215980.0,596239.0
B06F0008001,899,219608.0,592476.0
B06E2835001,99,209810.0,598278.0
B06H0067001,743,213268.0,577567.0
B07C0102001,323,225110.0,580079.0
B07C1888001,427,222247.0,586533.0
B07A0981001,957,229527.0,590828.0
B07B1154001,897,230191.0,589493.0
B07B1165001,521,235412.0,592544.0
B07B1155001,404,230259.0,589465.0
B07B1183001,836,234986.0,594839.0
B07B1179001,898,235171.0,588095.0
B07A1013001,1018,220758.0,597218.0
B07A1025001,343,226958.0,592965.0
B07A1026001,593,229698.0,598057.0
B02G0447001,1139,209950.0,602550.0
B02G1846002,400,209314.0,601598.0
B03G0521001,837,240843.0,603547.0
B02H1016002,352,210755.0,601970.0
B03C0417001,223,222851.0,601502.0
B03C0419001,1017,221767.0,600348.0
B11E0402003,489,209587.0,572320.0
B11E0402005,489,209587.0,572320.0
B11E0402004,489,209587.0,572320.0
B11E0402002,489,209587.0,572320.0
B11E0402001,489,209587.0,572320.0
B11E0082001,1101,209888.0,570381.0
B11D0286001,384,198121.0,557084.0
B12A1905001,553,223558.0,567343.0
B12A1903001,551,224344.0,568479.0
B12A1766002,683,228177.0,567109.0
B12A1763001,676,229755.0,565664.0
B12A1762001,487,228130.0,568408.0
B08A0136001,594,265375.0,591129.0
B08C1522001,428,268388.0,576398.0
B07D0282001,114,235450.0,576489.0
B07D0400001,418,237150.0,580290.0
B10H0291004,259,179530.0,562580.0
B10F0142001,315,179680.0,562520.0
B10G0049001,100,161828.0,552977.0
B28A0645001,669,229712.0,487650.0
B28A0644001,669,229496.0,487640.0
B28A0594001,862,222859.0,498666.0
B28D0303001,1525,239609.0,475412.0
B28D0340001,1163,232176.0,485259.0
B28D0331001,1585,239771.0,479659.0
B28D0276001,1647,230717.0,484588.0
B28D0226002,1283,239381.0,486119.0
B28D0348001,1217,232394.0,483744.0
B28D0382001,673,234454.0,477355.0
B27H0041001,2215,216830.0,481250.0
B27F0236001,1316,216620.0,489300.0
B27F0234001,1674,214330.0,489030.0
B27F0208001,250,210400.0,494870.0
B27F0201001,1300,212951.0,496021.0
B27F0084002,2506,210350.0,497225.0
B27F0050001,1300,215084.0,493293.0
B27H0207001,1421,217986.0,487171.0
B27H0220001,1486,216980.0,483660.0
B28A0421001,1288,227700.0,490480.0
B28A0385001,2878,221910.0,490410.0
B27H0433004,2330,219437.0,486170.0
B27H0435001,2330,219631.0,486069.0
B27H0434004,1424,219463.0,485978.0
B27H0434002,1424,219463.0,485978.0
B27H0433001,2330,219437.0,486170.0
B27H0432004,1498,219428.0,486368.0
B27H0432002,1498,219428.0,486368.0
B27H0431004,1362,219460.0,486756.0
B27H0431002,1362,219460.0,486756.0
B27H0431001,1362,219460.0,486756.0
B27H0438001,1188,211000.0,482608.0
B28H0495002,2178,255526.0,481371.0
B28H0495001,2178,255526.0,481371.0
B28H0431002,2522,258060.0,478340.0
B28H0431001,2522,258060.0,478340.0
B28G0411001,1450,241938.0,475306.0
B28G0409001,2981,241430.0,478371.0
B28G0305001,1147,242393.0,477397.0
B28G0391001,1645,244498.0,487039.0
B28G0396001,1882,248009.0,486983.0
B28H0653001,2726,254000.0,475700.0
B28H1898001,1862,254291.0,477447.0
B28H1893001,1742,254545.0,477758.0
B28H1886001,2914,256314.0,485391.0
B28H1885001,1867,256303.0,485009.0
B29A0157001,2237,261100.0,489031.0
B29A0154001,2115,261750.0,490350.0
B28H1884002,2181,255987.0,484996.0
B28H1805001,2116,257027.0,485015.0
B28H0782001,1941,253631.0,482743.0
B28H0746001,2787,255855.0,477416.0
B28H1884001,2181,255987.0,484996.0
B28H0740001,2788,255865.0,477664.0
B28H0680001,1883,253200.0,486170.0
B28H0679001,2293,255675.0,476952.0
B28H1806002,1867,256360.0,485250.0
B28H1880001,1867,256361.0,485195.0
B28H1883002,2913,256056.0,484978.0
B28E1272001,1816,247257.0,498128.0
B28E1271001,1636,242191.0,492430.0
B28E1217001,1803,249615.0,492342.0
B28F0173002,1266,251625.0,488950.0
B28E0260001,855,241166.0,498646.0
B28E0221001,975,241540.0,495780.0
B28E0214001,1213,243228.0,499817.0
B28E0191001,1580,243260.0,497950.0
B28F0173001,1266,251625.0,488950.0
B28F0312001,2178,259700.0,494480.0
B28E0181001,1825,245450.0,494800.0
B28E0180001,1583,243934.0,495605.0
B28D1635001,122,231164.0,487123.0
B28D1790001,1106,230349.0,487349.0
B28E0151001,1817,247687.0,493655.0
B28F0354001,2235,257309.0,489522.0
B28F1490002,1560,259592.0,490035.0
B28F1440003,2604,257018.0,489021.0
B26F3146002,84,177080.0,487993.0
B26F2186001,898,171073.0,489767.0
B26F2176001,266,176797.0,487778.0
B27E0705001,2622,200607.0,488195.0
B27E0704001,505,200998.0,488279.0
B27E0703001,567,200768.0,488344.0
B27E0702001,378,200888.0,488598.0
B27A0363002,293,180548.0,493053.0
B27A0361002,779,180490.0,492875.0
B27A0355002,294,180310.0,493375.0
B27A0351002,779,180076.0,493225.0
B26H0818001,389,175370.0,487080.0
B26H0820002,136,176617.0,487108.0
B26H0826001,38,175581.0,486474.0
B26H0827001,260,176831.0,487052.0
B26H0828001,204,177287.0,486650.0
B26H0829001,448,174828.0,487146.0
B26H0831001,2442,175974.0,486275.0
B26H0832001,206,177252.0,487496.0
B32A1910002,1679,147150.0,464426.0
B31H0676001,288,139920.0,452890.0
B31H2915001,165,138548.0,451457.0
B31G2342001,599,120970.0,459850.0
B31G2347001,30,120950.0,459624.0
B31G2340001,599,120875.0,459781.0
B31G2352001,15,121051.0,459624.0
B32A0670001,1244,146911.0,464615.0
B32A0668002,1679,147038.0,464356.0
B32A0668001,1679,147038.0,464356.0
B32A0667002,1244,146900.0,464266.0
B32A0667001,1244,146900.0,464266.0
B32A0671001,2159,146480.0,464100.0
B32A0672001,1244,145860.0,464795.0
B32A1774001,2635,147518.0,467964.0
B32C1833001,472,142487.0,454977.0
B32C1834001,279,144945.0,453145.0
B32C0514001,285,141266.0,454432.0
B32D1368001,432,158250.0,459460.0
B32D1367001,432,158463.0,459261.0
B32B1965001,309,158404.0,465114.0
B32B2343001,334,159643.0,468758.0
B32B2371001,454,151998.0,466000.0
B32B2333001,2745,158750.0,465530.0
B32B2337001,753,159679.0,466368.0
B31G2330001,716,127085.0,457619.0
B31A0103001,102,105440.0,473786.0
B29C0279001,2942,261487.0,475282.0
B29C0214001,2418,260915.0,486177.0
B29C0211001,2547,265376.0,487145.0
B29A0752001,1986,268308.0,488123.0
B29A0750001,1567,265075.0,495697.0
B29A0730001,2059,263051.0,496624.0
B29A0848001,2853,264683.0,495814.0
B29A0848002,2853,264683.0,495814.0
B29A0849002,1996,265074.0,495009.0
B29A0850002,2667,260559.0,489058.0
B29A0851001,1620,260014.0,489006.0
B29A0851002,1620,260014.0,489006.0
B29A0851003,1620,260014.0,489006.0
B31F2155001,73,131259.0,463351.0
B31E2818001,25,123974.0,463138.0
B31G0216001,2502,122379.0,460318.0
B31G2318001,163,123459.0,452330.0
B31G2323001,45,127565.0,460490.0
B31G2320001,48,127064.0,454229.0
B31G2319001,359,125102.0,458957.0
B31D1544001,47,111435.0,456295.0
B31D1546001,48,117478.0,455663.0
B31D1543001,149,114312.0,451586.0
B31D1431001,151,115733.0,460666.0
B31D0126001,151,118615.0,458962.0
B31E0205001,86,122427.0,463302.0
B31E2752001,271,122279.0,471884.0
B31E2623001,15,122861.0,463544.0
B31E2749001,209,122120.0,472203.0
B21F0154002,452,211740.0,519844.0
B21F0342001,519,211584.0,518053.0
B21E0235001,132,205200.0,524480.0
B22C0590001,240,220572.0,504686.0
B22C0519001,485,221800.0,504740.0
B22C0686001,424,228679.0,506196.0
B22C0619001,276,220530.0,509729.0
B22B0209001,1533,239600.0,514760.0
B22D0062001,1538,237446.0,503110.0
B22D0092001,928,235386.0,508258.0
B22D0092003,928,235386.0,508258.0
B22A0129002,2457,226720.0,521750.0
B21H0067001,337,213200.0,508675.0
B21G1078002,142,209246.0,510629.0
B21G1078001,507,209246.0,510629.0
B21G1077002,142,209096.0,510618.0
B21G1077001,263,209096.0,510618.0
B22B0072001,501,231908.0,515959.0
B19B0161001,40,114646.0,513697.0
B19H0152001,42,130428.0,502262.0
B21B0485001,342,192473.0,513787.0
B19C0771002,158,108602.0,510497.0
B19C0770004,1139,104548.0,502217.0
B26C4148001,2564,147184.0,476636.0
B26C4146001,2564,147105.0,476844.0
B26C0047001,8,146480.0,477163.0
B23A0766002,1271,263004.0,520603.0
B24H0326001,58,95669.0,478742.0
B22E0267001,904,243173.0,513543.0
B22E0244001,2628,241583.0,517267.0
B22E0235001,977,240680.0,519990.0
B22D0617001,660,233557.0,502339.0
B22G0044001,661,240220.0,509990.0
B22G0079001,2984,242584.0,512164.0
B22G0118001,1094,243104.0,500891.0
B22G0348001,2456,242270.0,501700.0
B22G0349001,1598,242696.0,502042.0
B25A3885001,16,102871.0,490333.0
B25A3884001,19,102870.0,490334.0
B25C0373001,25,100768.0,483815.0
B25A1257001,23,108778.0,496726.0
B25A1248001,17,103716.0,492399.0
B25A1569004,59,105226.0,495418.0
B25A1569002,9,105226.0,495418.0
